{
  "type": "START",
  "objects": {
    "1": {
      "id": "1",
      "color": 7055649,
      "mass": 31622.776601683792,
      "position": {
        "x": 597.65625,
        "y": 773.9413452148438
      },
      "acceleration": {
        "x": 0,
        "y": 0
      },
      "velocity": {
        "x": -224.884948116016,
        "y": -531.8923238291582
      }
    },
    "2": {
      "id": "2",
      "color": 15643095,
      "mass": 31622.776601683792,
      "position": {
        "x": 707.03125,
        "y": 638.4364624023438
      },
      "acceleration": {
        "x": 0,
        "y": 0
      },
      "velocity": {
        "x": 638.5218057815798,
        "y": 583.8569843034232
      }
    }
  },
  "gravity": 6324.555320336759
}
